epoch,score,loss,model,run
1.0,0.8726765799256505,1.2604814767837524,BC,0
2.0,0.8726765799256505,1.2604814767837524,BC,0
3.0,0.8726765799256505,1.2604814767837524,BC,0
4.0,0.8726765799256505,1.2604814767837524,BC,0
5.0,0.8726765799256505,1.2604814767837524,BC,0
6.0,0.8726765799256505,1.2604814767837524,BC,0
7.0,0.8726765799256505,1.2604814767837524,BC,0
8.0,0.8726765799256505,1.2604814767837524,BC,0
9.0,0.8726765799256505,1.2604814767837524,BC,0
10.0,0.8726765799256505,1.2604814767837524,BC,0
