run,model,fit,predict,score
1,LR,6143.757456302643,0.035486459732055664,0.8325809877854488
1,SVM,45672.721264362335,94.88396883010864,0.7938130642591609
1,MNB,11.824187278747559,0.033524513244628906,0.8060276155071694
1,DT,5482.354444742203,0.01508474349975586,0.548858204992034
1,RF,49879.22617602348,9.125250577926636,0.7713754646840149
1,KNN,636.6321549415588,8.908919095993042,0.5556293149229952
