run,model,train_size,fit,predict,score
1,LR,0.1,1.2777669429779053,0.014311790466308594,0.8783
